Date,File
1/1/10,https://upload.wikimedia.org/wikipedia/en/2/2e/End_of_Time_2.jpg
12/25/09,https://upload.wikimedia.org/wikipedia/en/2/2e/End_of_Time_2.jpg
11/15/09,https://upload.wikimedia.org/wikipedia/commons/thumb/9/9b/Doctor_Who_2009_The_Waters_of_Mars_Footage_1.ogv/220px--Doctor_Who_2009_The_Waters_of_Mars_Footage_1.ogv.jpg
4/11/09,https://upload.wikimedia.org/wikipedia/en/0/0d/Planet_of_the_Dead.jpg
12/25/08,https://upload.wikimedia.org/wikipedia/en/d/d0/Doctor_Who.jpg
7/5/08,https://upload.wikimedia.org/wikipedia/en/3/33/Doctor_Who_Journeys_End.jpg
6/28/08,https://upload.wikimedia.org/wikipedia/en/5/57/Stolen_Earth.jpg
6/21/08,https://upload.wikimedia.org/wikipedia/en/0/00/Turn_Left.jpg
6/14/08,https://upload.wikimedia.org/wikipedia/en/e/e8/Doctor_Who_Forest_of_the_Dead.jpg
6/7/08,https://upload.wikimedia.org/wikipedia/en/7/70/Doctor_Who_title_2007.jpg
5/31/08,https://upload.wikimedia.org/wikipedia/en/7/70/Doctor_Who_title_2007.jpg
5/17/08,https://upload.wikimedia.org/wikipedia/en/7/70/Doctor_Who_title_2007.jpg
5/10/08,https://upload.wikimedia.org/wikipedia/commons/thumb/b/b9/Doctor_Who_Experience_%2813081065204%29.jpg/440px-Doctor_Who_Experience_%2813081065204%29.jpg
5/3/08,https://upload.wikimedia.org/wikipedia/commons/thumb/9/95/270811-058_CPS_%286277343644%29.jpg/440px-270811-058_CPS_%286277343644%29.jpg
4/26/08,https://upload.wikimedia.org/wikipedia/commons/thumb/6/6f/Doctor_Who_Exhibition_in_Cardiff_%285004139706%29.jpg/440px-Doctor_Who_Exhibition_in_Cardiff_%285004139706%29.jpg
4/19/08,https://upload.wikimedia.org/wikipedia/commons/thumb/7/73/An_Ood_%283133061548%29.jpg/440px-An_Ood_%283133061548%29.jpg
4/12/08,https://upload.wikimedia.org/wikipedia/commons/thumb/c/c4/Doctor_Who_Exhibition_in_Cardiff_%285003536573%29.jpg/500px-Doctor_Who_Exhibition_in_Cardiff_%285003536573%29.jpg
4/5/08,https://upload.wikimedia.org/wikipedia/en/e/ec/Adipose.jpg
12/25/07,https://upload.wikimedia.org/wikipedia/en/1/11/Angelic_Doctor.jpg
6/30/07,https://upload.wikimedia.org/wikipedia/en/9/92/DW_S3.13_Last_of_the_Time_Lords.jpg
6/23/07,https://upload.wikimedia.org/wikipedia/en/c/c8/Sound_of_Drums.jpg
6/16/07,https://upload.wikimedia.org/wikipedia/en/0/0a/Master_Regenerates.jpg
6/9/07,https://upload.wikimedia.org/wikipedia/en/3/3e/Blink_%28Doctor_Who%29.jpg
6/2/07,https://upload.wikimedia.org/wikipedia/en/a/a1/The_Family_of_Blood.png
5/26/07,https://upload.wikimedia.org/wikipedia/en/d/db/Past_Doctors_section.jpg
5/19/07,https://upload.wikimedia.org/wikipedia/en/c/c8/42_%28Doctor_Who%29.jpg
5/5/07,https://upload.wikimedia.org/wikipedia/en/4/4e/Lazarus_Experiment.jpg
4/28/07,https://upload.wikimedia.org/wikipedia/en/b/bc/DW_S3.5_Evolution.jpg
4/21/07,https://upload.wikimedia.org/wikipedia/en/9/9f/Daleks_in_Manhattan.png
4/14/07,https://upload.wikimedia.org/wikipedia/en/1/15/Gridlock.jpg
4/7/07,https://upload.wikimedia.org/wikipedia/en/6/6c/Shakespeare_Code.jpg
3/31/07,https://upload.wikimedia.org/wikipedia/en/b/b1/Smith_and_Jones.jpg
12/25/06,https://upload.wikimedia.org/wikipedia/en/e/ec/Runaway_Bride_%28Doctor_Who%29.jpg
7/8/06,https://upload.wikimedia.org/wikipedia/en/f/fa/Doomsday_%28Doctor_Who%29.jpg
7/1/06,https://upload.wikimedia.org/wikipedia/en/9/94/Army_of_Ghosts.jpg
6/24/06,https://upload.wikimedia.org/wikipedia/en/4/41/Fer_Her.png
6/17/06,https://upload.wikimedia.org/wikipedia/en/f/f1/Love_and_Monsters.jpg
6/10/06,https://upload.wikimedia.org/wikipedia/en/e/e7/Satan_Pit.jpg
6/3/06,https://upload.wikimedia.org/wikipedia/en/3/33/Impossible_planet.jpg
5/27/06,https://upload.wikimedia.org/wikipedia/en/2/22/Idiot%27s_Lantern.jpg
5/20/06,https://upload.wikimedia.org/wikipedia/en/c/c1/Age_of_Steel.jpg
5/13/06,https://upload.wikimedia.org/wikipedia/en/6/67/Rise_of_the_Cybermen.jpg
5/6/06,https://upload.wikimedia.org/wikipedia/en/7/7c/The_Girl_In_The_Fireplace.jpg
4/29/06,https://upload.wikimedia.org/wikipedia/en/f/f1/School_Reunion.jpg
4/22/06,https://upload.wikimedia.org/wikipedia/en/7/71/Tooth_and_Claw.jpg
4/15/06,https://upload.wikimedia.org/wikipedia/en/a/a3/New_Earth.jpg
12/25/05,https://upload.wikimedia.org/wikipedia/en/c/c2/Sycorax_-_The_Christmas_Invasion.png
